step	seed0	seed1	seed2	seed3	seed4	seed5	seed6	seed7	mean	margin	pass
3150	3.277790	3.277170	3.277720	3.278820	3.279960	3.280980	3.279020	3.278350	3.278726	0.00360	fail
3160	3.277020	3.276430	3.276880	3.277970	3.279160	3.280200	3.278240	3.277590	3.277936	0.00584	PASS
3170	3.276260	3.275620	3.276150	3.277250	3.278340	3.279470	3.277440	3.276850	3.277172	0.00800	PASS
3180	3.275550	3.274890	3.275400	3.276480	3.277620	3.278710	3.276710	3.276080	3.276430	0.01010	PASS
3190	3.274820	3.274190	3.274680	3.275770	3.276880	3.277970	3.275970	3.275340	3.275702	0.01216	PASS
3200	3.274190	3.273530	3.274050	3.275110	3.276250	3.277350	3.275340	3.274740	3.275070	0.01394	PASS
3210	3.273650	3.273000	3.273500	3.274580	3.275740	3.276780	3.274810	3.274160	3.274527	0.01548	PASS
3225	3.272930	3.272290	3.272760	3.273850	3.275030	3.276080	3.274110	3.273430	3.273810	0.01751	PASS
3250	3.272400	3.271740	3.272240	3.273330	3.274510	3.275570	3.273570	3.272900	3.273282	0.01900	PASS
